scenario,policy,rep,epoch,epoch_cost,cumulative_regret
baseline,robust,0,0,4973.99,-94027.43
baseline,adaptive,0,0,4234.24,-94767.18
baseline,robust,0,1,11988.84,-82038.59
baseline,adaptive,0,1,11912.73,-82854.45
baseline,robust,0,2,22027.24,-60011.35
baseline,adaptive,0,2,21705.75,-61148.7
baseline,robust,0,3,24812.91,-35198.44
baseline,adaptive,0,3,22723.71,-38424.99
baseline,robust,0,4,16748.31,-18450.13
baseline,adaptive,0,4,15967.25,-22457.73
baseline,robust,0,5,51273.14,32823.02
baseline,adaptive,0,5,42235.55,19777.82
baseline,robust,1,0,6166.73,-84488.59
baseline,adaptive,1,0,5591.79,-85063.53
baseline,robust,1,1,5124.23,-79364.36
baseline,adaptive,1,1,4468.37,-80595.16
baseline,robust,1,2,16624.94,-62739.41
baseline,adaptive,1,2,15288.19,-65306.97
baseline,robust,1,3,13304.08,-49435.33
baseline,adaptive,1,3,13193.34,-52113.63
baseline,robust,1,4,8277.91,-41157.42
baseline,adaptive,1,4,8317.48,-43796.15
baseline,robust,1,5,51026.17,9868.74
baseline,adaptive,1,5,50815.91,7019.76
baseline,robust,2,0,6593.95,-81881.09
baseline,adaptive,2,0,4581.55,-83893.49
baseline,robust,2,1,14363.04,-67518.05
baseline,adaptive,2,1,14017.16,-69876.33
baseline,robust,2,2,15793.11,-51724.93
baseline,adaptive,2,2,16399.93,-53476.4
baseline,robust,2,3,15498.84,-36226.1
baseline,adaptive,2,3,16394.99,-37081.4
baseline,robust,2,4,11627.47,-24598.63
baseline,adaptive,2,4,12306.77,-24774.64
baseline,robust,2,5,38075.5,13476.87
baseline,adaptive,2,5,28941.98,4167.35
baseline,robust,3,0,2472.16,-85505.2
baseline,adaptive,3,0,2200.65,-85776.71
baseline,robust,3,1,12248.64,-73256.56
baseline,adaptive,3,1,11014.75,-74761.96
baseline,robust,3,2,19309.31,-53947.25
baseline,adaptive,3,2,18338.5,-56423.46
baseline,robust,3,3,21200.69,-32746.55
baseline,adaptive,3,3,20096.6,-36326.86
baseline,robust,3,4,12545.28,-20201.27
baseline,adaptive,3,4,11822.83,-24504.03
baseline,robust,3,5,24922.99,4721.72
baseline,adaptive,3,5,19688.22,-4815.8
baseline,robust,4,0,4709.28,-76748.09
baseline,adaptive,4,0,3595.33,-77862.04
baseline,robust,4,1,10504.16,-66243.92
baseline,adaptive,4,1,10570.03,-67292.01
baseline,robust,4,2,16079.9,-50164.02
baseline,adaptive,4,2,15533.96,-51758.05
baseline,robust,4,3,15175.67,-34988.36
baseline,adaptive,4,3,15596.07,-36161.99
baseline,robust,4,4,12241.33,-22747.03
baseline,adaptive,4,4,12184.95,-23977.04
baseline,robust,4,5,41190.82,18443.8
baseline,adaptive,4,5,31000.3,7023.26
baseline,robust,5,0,2859.06,-95238.62
baseline,adaptive,5,0,2657.25,-95440.43
baseline,robust,5,1,11256.81,-83981.81
baseline,adaptive,5,1,10445.31,-84995.11
baseline,robust,5,2,17887.49,-66094.32
baseline,adaptive,5,2,17636.35,-67358.77
baseline,robust,5,3,18243.83,-47850.49
baseline,adaptive,5,3,17271.71,-50087.06
baseline,robust,5,4,25038.6,-22811.89
baseline,adaptive,5,4,15595.07,-34491.98
baseline,robust,5,5,72144.0,49332.11
baseline,adaptive,5,5,67801.8,33309.82
baseline,robust,6,0,8299.07,-72175.66
baseline,adaptive,6,0,6732.59,-73742.13
baseline,robust,6,1,7973.08,-64202.57
baseline,adaptive,6,1,7920.84,-65821.3
baseline,robust,6,2,16796.45,-47406.12
baseline,adaptive,6,2,16824.68,-48996.62
baseline,robust,6,3,15213.51,-32192.61
baseline,adaptive,6,3,16976.54,-32020.08
baseline,robust,6,4,19436.45,-12756.16
baseline,adaptive,6,4,20473.7,-11546.38
baseline,robust,6,5,40992.0,28235.84
baseline,adaptive,6,5,40992.0,29445.62
baseline,robust,7,0,2588.77,-83345.49
baseline,adaptive,7,0,2421.08,-83513.17
baseline,robust,7,1,10116.93,-73228.56
baseline,adaptive,7,1,8953.39,-74559.78
baseline,robust,7,2,15805.55,-57423.0
baseline,adaptive,7,2,15972.39,-58587.39
baseline,robust,7,3,19232.33,-38190.68
baseline,adaptive,7,3,18429.99,-40157.4
baseline,robust,7,4,17586.43,-20604.25
baseline,adaptive,7,4,17274.34,-22883.07
baseline,robust,7,5,33544.44,12940.19
baseline,adaptive,7,5,28740.04,5856.97
baseline,robust,8,0,7983.32,-78476.79
baseline,adaptive,8,0,6373.32,-80086.79
baseline,robust,8,1,12360.18,-66116.62
baseline,adaptive,8,1,12400.13,-67686.67
baseline,robust,8,2,18472.39,-47644.23
baseline,adaptive,8,2,18133.65,-49553.02
baseline,robust,8,3,18689.81,-28954.42
baseline,adaptive,8,3,18460.23,-31092.79
baseline,robust,8,4,9067.31,-19887.11
baseline,adaptive,8,4,8943.96,-22148.83
baseline,robust,8,5,50710.3,30823.19
baseline,adaptive,8,5,46414.14,24265.31
baseline,robust,9,0,4220.47,-82010.03
baseline,adaptive,9,0,3778.41,-82452.09
baseline,robust,9,1,14076.45,-67933.58
baseline,adaptive,9,1,13111.95,-69340.14
baseline,robust,9,2,16085.08,-51848.5
baseline,adaptive,9,2,15334.83,-54005.31
baseline,robust,9,3,17507.92,-34340.58
baseline,adaptive,9,3,17647.66,-36357.65
baseline,robust,9,4,10696.0,-23644.58
baseline,adaptive,9,4,10743.19,-25614.46
baseline,robust,9,5,61224.48,37579.9
baseline,adaptive,9,5,43102.89,17488.43
baseline,robust,10,0,2382.74,-71393.02
baseline,adaptive,10,0,2166.01,-71609.76
baseline,robust,10,1,2476.05,-68916.97
baseline,adaptive,10,1,1994.9,-69614.86
baseline,robust,10,2,15379.16,-53537.81
baseline,adaptive,10,2,14881.45,-54733.41
baseline,robust,10,3,20933.65,-32604.16
baseline,adaptive,10,3,19740.34,-34993.07
baseline,robust,10,4,14014.68,-18589.48
baseline,adaptive,10,4,11950.25,-23042.81
baseline,robust,10,5,44349.09,25759.6
baseline,adaptive,10,5,39241.39,16198.58
baseline,robust,11,0,2168.31,-100166.26
baseline,adaptive,11,0,2036.84,-100297.73
baseline,robust,11,1,8487.41,-91678.85
baseline,adaptive,11,1,6850.27,-93447.47
baseline,robust,11,2,17856.08,-73822.77
baseline,adaptive,11,2,17551.92,-75895.55
baseline,robust,11,3,20831.7,-52991.07
baseline,adaptive,11,3,20204.23,-55691.31
baseline,robust,11,4,32058.28,-20932.78
baseline,adaptive,11,4,27489.49,-28201.83
baseline,robust,11,5,60432.0,39499.22
baseline,adaptive,11,5,60432.0,32230.17
baseline,robust,12,0,1935.55,-84377.28
baseline,adaptive,12,0,1835.88,-84476.95
baseline,robust,12,1,13085.53,-71291.75
baseline,adaptive,12,1,11890.8,-72586.15
baseline,robust,12,2,18816.48,-52475.26
baseline,adaptive,12,2,18348.09,-54238.05
baseline,robust,12,3,22873.35,-29601.91
baseline,adaptive,12,3,22832.87,-31405.18
baseline,robust,12,4,8981.79,-20620.12
baseline,adaptive,12,4,8685.2,-22719.98
baseline,robust,12,5,45256.28,24636.16
baseline,adaptive,12,5,44675.77,21955.78
baseline,robust,13,0,9251.3,-78210.8
baseline,adaptive,13,0,8470.53,-78991.56
baseline,robust,13,1,12945.56,-65265.23
baseline,adaptive,13,1,13039.51,-65952.05
baseline,robust,13,2,23609.8,-41655.43
baseline,adaptive,13,2,22493.04,-43459.01
baseline,robust,13,3,17192.46,-24462.97
baseline,adaptive,13,3,15841.85,-27617.16
baseline,robust,13,4,12327.25,-12135.72
baseline,adaptive,13,4,10896.44,-16720.72
baseline,robust,13,5,30662.19,18526.47
baseline,adaptive,13,5,25660.45,8939.73
baseline,robust,14,0,6284.67,-85316.76
baseline,adaptive,14,0,4877.1,-86724.33
baseline,robust,14,1,15991.13,-69325.63
baseline,adaptive,14,1,15489.67,-71234.66
baseline,robust,14,2,18979.58,-50346.05
baseline,adaptive,14,2,18805.1,-52429.56
baseline,robust,14,3,14681.05,-35665.0
baseline,adaptive,14,3,15303.12,-37126.44
baseline,robust,14,4,14609.03,-21055.97
baseline,adaptive,14,4,14399.46,-22726.98
baseline,robust,14,5,50981.15,29925.18
baseline,adaptive,14,5,46444.84,23717.86
baseline,robust,15,0,4676.8,-101586.8
baseline,adaptive,15,0,3690.83,-102572.76
baseline,robust,15,1,9062.68,-92524.11
baseline,adaptive,15,1,8937.08,-93635.68
baseline,robust,15,2,22216.82,-70307.29
baseline,adaptive,15,2,21111.26,-72524.42
baseline,robust,15,3,30037.47,-40269.83
baseline,adaptive,15,3,27530.25,-44994.17
baseline,robust,15,4,41808.0,1538.17
baseline,adaptive,15,4,38434.65,-6559.51
baseline,robust,15,5,57792.0,59330.17
baseline,adaptive,15,5,57792.0,51232.49
baseline,robust,16,0,4282.97,-86999.77
baseline,adaptive,16,0,3862.22,-87420.52
baseline,robust,16,1,8274.79,-78724.98
baseline,adaptive,16,1,7338.39,-80082.12
baseline,robust,16,2,17720.11,-61004.87
baseline,adaptive,16,2,17356.56,-62725.57
baseline,robust,16,3,15147.09,-45857.77
baseline,adaptive,16,3,14778.78,-47946.79
baseline,robust,16,4,13084.56,-32773.21
baseline,adaptive,16,4,12698.22,-35248.58
baseline,robust,16,5,57331.2,24557.98
baseline,adaptive,16,5,52467.01,17218.44
baseline,robust,17,0,5065.38,-105163.96
baseline,adaptive,17,0,4504.26,-105725.07
baseline,robust,17,1,13420.68,-91743.28
baseline,adaptive,17,1,13333.04,-92392.03
baseline,robust,17,2,20482.34,-71260.94
baseline,adaptive,17,2,19878.58,-72513.46
baseline,robust,17,3,41531.89,-29729.04
baseline,adaptive,17,3,36014.74,-36498.72
baseline,robust,17,4,22896.0,-6833.04
baseline,adaptive,17,4,22896.0,-13602.72
baseline,robust,17,5,66192.0,59358.96
baseline,adaptive,17,5,66192.0,52589.28
baseline,robust,18,0,3915.87,-101249.41
baseline,adaptive,18,0,2977.43,-102187.85
baseline,robust,18,1,14001.6,-87247.82
baseline,adaptive,18,1,12886.0,-89301.85
baseline,robust,18,2,16980.08,-70267.74
baseline,adaptive,18,2,16079.1,-73222.75
baseline,robust,18,3,27476.28,-42791.46
baseline,adaptive,18,3,24799.79,-48422.96
baseline,robust,18,4,46343.45,3552.0
baseline,adaptive,18,4,29727.46,-18695.49
baseline,robust,18,5,67968.0,71520.0
baseline,adaptive,18,5,67968.0,49272.51
baseline,robust,19,0,6517.27,-86627.72
baseline,adaptive,19,0,5274.83,-87870.17
baseline,robust,19,1,13843.32,-72784.4
baseline,adaptive,19,1,13561.39,-74308.78
baseline,robust,19,2,15395.71,-57388.69
baseline,adaptive,19,2,15091.51,-59217.27
baseline,robust,19,3,27220.24,-30168.46
baseline,adaptive,19,3,25626.22,-33591.05
baseline,robust,19,4,31200.0,1031.54
baseline,adaptive,19,4,23874.98,-9716.08
baseline,robust,19,5,33456.0,34487.54
baseline,adaptive,19,5,33456.0,23739.92
baseline,robust,20,0,3934.75,-73977.91
baseline,adaptive,20,0,3257.57,-74655.09
baseline,robust,20,1,10804.77,-63173.14
baseline,adaptive,20,1,9412.74,-65242.36
baseline,robust,20,2,17797.73,-45375.4
baseline,adaptive,20,2,17852.36,-47390.0
baseline,robust,20,3,14924.83,-30450.57
baseline,adaptive,20,3,14514.8,-32875.2
baseline,robust,20,4,12560.95,-17889.62
baseline,adaptive,20,4,12621.03,-20254.16
baseline,robust,20,5,22196.96,4307.33
baseline,adaptive,20,5,31042.29,10788.13
baseline,robust,21,0,5794.52,-73636.93
baseline,adaptive,21,0,4764.88,-74666.57
baseline,robust,21,1,10601.4,-63035.53
baseline,adaptive,21,1,10516.34,-64150.23
baseline,robust,21,2,13631.5,-49404.04
baseline,adaptive,21,2,13240.8,-50909.44
baseline,robust,21,3,15186.25,-34217.79
baseline,adaptive,21,3,14968.2,-35941.24
baseline,robust,21,4,12824.85,-21392.93
baseline,adaptive,21,4,11171.42,-24769.81
baseline,robust,21,5,44682.04,23289.1
baseline,adaptive,21,5,35525.84,10756.03
baseline,robust,22,0,3420.97,-101311.01
baseline,adaptive,22,0,3203.6,-101528.37
baseline,robust,22,1,7502.69,-93808.32
baseline,adaptive,22,1,6043.98,-95484.39
baseline,robust,22,2,18900.78,-74907.55
baseline,adaptive,22,2,19079.04,-76405.36
baseline,robust,22,3,17357.77,-57549.78
baseline,adaptive,22,3,17376.92,-59028.44
baseline,robust,22,4,18051.47,-39498.31
baseline,adaptive,22,4,15651.02,-43377.42
baseline,robust,22,5,69600.0,30101.69
baseline,adaptive,22,5,56977.89,13600.47
baseline,robust,23,0,6423.5,-117514.09
baseline,adaptive,23,0,5040.76,-118896.82
baseline,robust,23,1,11332.74,-106181.35
baseline,adaptive,23,1,11181.53,-107715.29
baseline,robust,23,2,28993.34,-77188.01
baseline,adaptive,23,2,28259.38,-79455.92
baseline,robust,23,3,56820.69,-20367.31
baseline,adaptive,23,3,53426.08,-26029.84
baseline,robust,23,4,28512.0,8144.69
baseline,adaptive,23,4,28512.0,2482.16
baseline,robust,23,5,39840.0,47984.69
baseline,adaptive,23,5,39840.0,42322.16
baseline,robust,24,0,3075.67,-77494.72
baseline,adaptive,24,0,2771.59,-77798.8
baseline,robust,24,1,10529.51,-66965.21
baseline,adaptive,24,1,8488.19,-69310.61
baseline,robust,24,2,17603.1,-49362.11
baseline,adaptive,24,2,17341.43,-51969.18
baseline,robust,24,3,11772.41,-37589.7
baseline,adaptive,24,3,11625.9,-40343.27
baseline,robust,24,4,10028.78,-27560.93
baseline,adaptive,24,4,10191.8,-30151.48
baseline,robust,24,5,16955.72,-10605.2
baseline,adaptive,24,5,16967.25,-13184.22
baseline,robust,25,0,5865.6,-75750.1
baseline,adaptive,25,0,4834.67,-76781.03
baseline,robust,25,1,10524.72,-65225.37
baseline,adaptive,25,1,10593.03,-66188.0
baseline,robust,25,2,17779.34,-47446.03
baseline,adaptive,25,2,17990.36,-48197.64
baseline,robust,25,3,16004.52,-31441.51
baseline,adaptive,25,3,16096.13,-32101.51
baseline,robust,25,4,10050.26,-21391.25
baseline,adaptive,25,4,9986.35,-22115.16
baseline,robust,25,5,48349.56,26958.31
baseline,adaptive,25,5,37544.26,15429.11
baseline,robust,26,0,9595.91,-75896.77
baseline,adaptive,26,0,7922.24,-77570.44
baseline,robust,26,1,9911.32,-65985.45
baseline,adaptive,26,1,9999.01,-67571.43
baseline,robust,26,2,19266.88,-46718.57
baseline,adaptive,26,2,19092.05,-48479.38
baseline,robust,26,3,16983.44,-29735.13
baseline,adaptive,26,3,16861.69,-31617.69
baseline,robust,26,4,10894.36,-18840.76
baseline,adaptive,26,4,10659.31,-20958.37
baseline,robust,26,5,34628.05,15787.29
baseline,adaptive,26,5,29867.07,8908.7
baseline,robust,27,0,10241.06,-96260.13
baseline,adaptive,27,0,9654.6,-96846.59
baseline,robust,27,1,12563.04,-83697.09
baseline,adaptive,27,1,11507.88,-85338.71
baseline,robust,27,2,15195.51,-68501.58
baseline,adaptive,27,2,14211.21,-71127.5
baseline,robust,27,3,22641.07,-45860.51
baseline,adaptive,27,3,19849.58,-51277.92
baseline,robust,27,4,63930.75,18070.24
baseline,adaptive,27,4,58937.39,7659.47
baseline,robust,27,5,37440.0,55510.24
baseline,adaptive,27,5,37440.0,45099.47
baseline,robust,28,0,6589.11,-88262.76
baseline,adaptive,28,0,5722.75,-89129.11
baseline,robust,28,1,11823.99,-76438.77
baseline,adaptive,28,1,11175.47,-77953.65
baseline,robust,28,2,12528.58,-63910.19
baseline,adaptive,28,2,12860.4,-65093.25
baseline,robust,28,3,28763.18,-35147.01
baseline,adaptive,28,3,23909.76,-41183.48
baseline,robust,28,4,34368.0,-779.01
baseline,adaptive,28,4,23942.13,-17241.36
baseline,robust,28,5,66432.0,65652.99
baseline,adaptive,28,5,66432.0,49190.64
baseline,robust,29,0,4489.07,-91263.28
baseline,adaptive,29,0,3706.45,-92045.9
baseline,robust,29,1,11150.19,-80113.09
baseline,adaptive,29,1,10412.31,-81633.59
baseline,robust,29,2,19891.36,-60221.73
baseline,adaptive,29,2,18998.95,-62634.63
baseline,robust,29,3,14253.25,-45968.48
baseline,adaptive,29,3,13650.16,-48984.47
baseline,robust,29,4,18082.89,-27885.58
baseline,adaptive,29,4,13174.61,-35809.86
baseline,robust,29,5,73440.0,45554.42
baseline,adaptive,29,5,69357.64,33547.78
flash_flood,robust,0,0,4973.99,-225991.56
flash_flood,adaptive,0,0,4234.24,-226731.31
flash_flood,robust,0,1,11988.84,-214002.71
flash_flood,adaptive,0,1,11912.73,-214818.58
flash_flood,robust,0,2,22027.24,-191975.47
flash_flood,adaptive,0,2,21705.75,-193112.83
flash_flood,robust,0,3,132052.27,-59923.21
flash_flood,adaptive,0,3,122880.7,-70232.13
flash_flood,robust,0,4,81792.0,21868.79
flash_flood,adaptive,0,4,81792.0,11559.87
flash_flood,robust,0,5,40128.0,61996.79
flash_flood,adaptive,0,5,40128.0,51687.87
flash_flood,robust,1,0,6768.47,-201919.03
flash_flood,adaptive,1,0,5591.79,-203095.71
flash_flood,robust,1,1,9449.31,-192469.72
flash_flood,adaptive,1,1,9083.07,-194012.64
flash_flood,robust,1,2,16624.94,-175844.77
flash_flood,adaptive,1,2,16609.3,-177403.34
flash_flood,robust,1,3,87518.32,-88326.45
flash_flood,adaptive,1,3,77257.62,-100145.71
flash_flood,robust,1,4,97968.0,9641.55
flash_flood,adaptive,1,4,97968.0,-2177.71
flash_flood,robust,1,5,32688.0,42329.55
flash_flood,adaptive,1,5,32688.0,30510.29
flash_flood,robust,2,0,6771.79,-232916.31
flash_flood,adaptive,2,0,4973.48,-234714.63
flash_flood,robust,2,1,14363.04,-218553.27
flash_flood,adaptive,2,1,14017.16,-220697.46
flash_flood,robust,2,2,15793.11,-202760.16
flash_flood,adaptive,2,2,16399.93,-204297.53
flash_flood,robust,2,3,90428.72,-112331.44
flash_flood,adaptive,2,3,87425.43,-116872.1
flash_flood,robust,2,4,82992.0,-29339.44
flash_flood,adaptive,2,4,82992.0,-33880.1
flash_flood,robust,2,5,66048.0,36708.56
flash_flood,adaptive,2,5,66048.0,32167.9
flash_flood,robust,3,0,2472.16,-200679.48
flash_flood,adaptive,3,0,2200.65,-200951.0
flash_flood,robust,3,1,12248.64,-188430.85
flash_flood,adaptive,3,1,11458.96,-189492.04
flash_flood,robust,3,2,19309.31,-169121.53
flash_flood,adaptive,3,2,18338.5,-171153.53
flash_flood,robust,3,3,90776.96,-78344.58
flash_flood,adaptive,3,3,74389.52,-96764.01
flash_flood,robust,3,4,91872.0,13527.42
flash_flood,adaptive,3,4,91872.0,-4892.01
flash_flood,robust,3,5,51264.0,64791.42
flash_flood,adaptive,3,5,51264.0,46371.99
flash_flood,robust,4,0,5463.29,-183140.12
flash_flood,adaptive,4,0,3595.33,-185008.08
flash_flood,robust,4,1,10504.16,-172635.95
flash_flood,adaptive,4,1,10994.86,-174013.22
flash_flood,robust,4,2,16079.9,-156556.05
flash_flood,adaptive,4,2,15533.96,-158479.26
flash_flood,robust,4,3,88283.36,-68272.69
flash_flood,adaptive,4,3,82419.33,-76059.94
flash_flood,robust,4,4,62976.0,-5296.69
flash_flood,adaptive,4,4,62976.0,-13083.94
flash_flood,robust,4,5,68064.0,62767.31
flash_flood,adaptive,4,5,68064.0,54980.06
flash_flood,robust,5,0,2859.06,-205591.09
flash_flood,adaptive,5,0,2657.25,-205792.9
flash_flood,robust,5,1,11575.92,-194015.18
flash_flood,adaptive,5,1,10445.31,-195347.59
flash_flood,robust,5,2,17887.49,-176127.69
flash_flood,adaptive,5,2,17636.35,-177711.24
flash_flood,robust,5,3,130983.98,-45143.71
flash_flood,adaptive,5,3,120521.7,-57189.54
flash_flood,robust,5,4,63072.0,17928.29
flash_flood,adaptive,5,4,63072.0,5882.46
flash_flood,robust,5,5,41712.0,59640.29
flash_flood,adaptive,5,5,41712.0,47594.46
flash_flood,robust,6,0,8565.17,-201578.5
flash_flood,adaptive,6,0,7317.2,-202826.47
flash_flood,robust,6,1,7973.08,-193605.42
flash_flood,adaptive,6,1,7920.84,-194905.63
flash_flood,robust,6,2,16796.45,-176808.97
flash_flood,adaptive,6,2,16824.68,-178080.96
flash_flood,robust,6,3,96295.3,-80513.67
flash_flood,adaptive,6,3,96673.7,-81407.25
flash_flood,robust,6,4,71136.0,-9377.67
flash_flood,adaptive,6,4,71136.0,-10271.25
flash_flood,robust,6,5,64080.0,54702.33
flash_flood,adaptive,6,5,64080.0,53808.75
flash_flood,robust,7,0,2588.77,-210948.04
flash_flood,adaptive,7,0,2421.08,-211115.73
flash_flood,robust,7,1,10415.79,-200532.25
flash_flood,adaptive,7,1,9577.57,-201538.15
flash_flood,robust,7,2,15805.55,-184726.7
flash_flood,adaptive,7,2,15972.39,-185565.76
flash_flood,robust,7,3,96950.73,-87775.97
flash_flood,adaptive,7,3,91598.3,-93967.47
flash_flood,robust,7,4,97392.0,9616.03
flash_flood,adaptive,7,4,97392.0,3424.53
flash_flood,robust,7,5,56784.0,66400.03
flash_flood,adaptive,7,5,56784.0,60208.53
flash_flood,robust,8,0,8397.05,-231826.29
flash_flood,adaptive,8,0,7093.93,-233129.41
flash_flood,robust,8,1,12360.18,-219466.11
flash_flood,adaptive,8,1,12400.13,-220729.28
flash_flood,robust,8,2,18472.39,-200993.72
flash_flood,adaptive,8,2,18133.65,-202595.63
flash_flood,robust,8,3,108743.59,-92250.14
flash_flood,adaptive,8,3,100696.48,-101899.15
flash_flood,robust,8,4,79056.0,-13194.14
flash_flood,adaptive,8,4,79056.0,-22843.15
flash_flood,robust,8,5,71616.0,58421.86
flash_flood,adaptive,8,5,71616.0,48772.85
flash_flood,robust,9,0,4975.59,-232286.78
flash_flood,adaptive,9,0,3778.41,-233483.96
flash_flood,robust,9,1,14582.84,-217703.93
flash_flood,adaptive,9,1,14533.47,-218950.49
flash_flood,robust,9,2,16085.08,-201618.85
flash_flood,adaptive,9,2,15334.83,-203615.65
flash_flood,robust,9,3,91744.04,-109874.81
flash_flood,adaptive,9,3,75812.79,-127802.86
flash_flood,robust,9,4,83904.0,-25970.81
flash_flood,adaptive,9,4,83904.0,-43898.86
flash_flood,robust,9,5,77808.0,51837.19
flash_flood,adaptive,9,5,77808.0,33909.14
flash_flood,robust,10,0,2382.74,-157310.5
flash_flood,adaptive,10,0,2166.01,-157527.23
flash_flood,robust,10,1,2476.05,-154834.44
flash_flood,adaptive,10,1,1994.9,-155532.34
flash_flood,robust,10,2,15379.16,-139455.29
flash_flood,adaptive,10,2,14881.45,-140650.89
flash_flood,robust,10,3,105123.15,-34332.13
flash_flood,adaptive,10,3,98144.7,-42506.19
flash_flood,robust,10,4,40560.0,6227.87
flash_flood,adaptive,10,4,40560.0,-1946.19
flash_flood,robust,10,5,49680.0,55907.87
flash_flood,adaptive,10,5,49680.0,47733.81
flash_flood,robust,11,0,2168.31,-264522.88
flash_flood,adaptive,11,0,2036.84,-264654.36
flash_flood,robust,11,1,8487.41,-256035.47
flash_flood,adaptive,11,1,6850.27,-257804.09
flash_flood,robust,11,2,17856.08,-238179.39
flash_flood,adaptive,11,2,17551.92,-240252.17
flash_flood,robust,11,3,129066.2,-109113.19
flash_flood,adaptive,11,3,124827.03,-115425.14
flash_flood,robust,11,4,67440.0,-41673.19
flash_flood,adaptive,11,4,67440.0,-47985.14
flash_flood,robust,11,5,70032.0,28358.81
flash_flood,adaptive,11,5,70032.0,22046.86
flash_flood,robust,12,0,1935.55,-219440.31
flash_flood,adaptive,12,0,1835.88,-219539.98
flash_flood,robust,12,1,13534.12,-205906.19
flash_flood,adaptive,12,1,13006.22,-206533.76
flash_flood,robust,12,2,18816.48,-187089.7
flash_flood,adaptive,12,2,18348.09,-188185.67
flash_flood,robust,12,3,91101.07,-95988.63
flash_flood,adaptive,12,3,86307.77,-101877.89
flash_flood,robust,12,4,80448.0,-15540.63
flash_flood,adaptive,12,4,80448.0,-21429.89
flash_flood,robust,12,5,67200.0,51659.37
flash_flood,adaptive,12,5,67200.0,45770.11
flash_flood,robust,13,0,9401.8,-199214.92
flash_flood,adaptive,13,0,8827.09,-199789.64
flash_flood,robust,13,1,12945.56,-186269.36
flash_flood,adaptive,13,1,13039.51,-186750.13
flash_flood,robust,13,2,23609.8,-162659.56
flash_flood,adaptive,13,2,22493.04,-164257.09
flash_flood,robust,13,3,78736.41,-83923.15
flash_flood,adaptive,13,3,65355.95,-98901.13
flash_flood,robust,13,4,80112.0,-3811.15
flash_flood,adaptive,13,4,80112.0,-18789.13
flash_flood,robust,13,5,76032.0,72220.85
flash_flood,adaptive,13,5,76032.0,57242.87
flash_flood,robust,14,0,6284.67,-239776.45
flash_flood,adaptive,14,0,4877.1,-241184.02
flash_flood,robust,14,1,15991.13,-223785.31
flash_flood,adaptive,14,1,15489.67,-225694.35
flash_flood,robust,14,2,18979.58,-204805.74
flash_flood,adaptive,14,2,18805.1,-206889.25
flash_flood,robust,14,3,116959.9,-87845.83
flash_flood,adaptive,14,3,114217.75,-92671.5
flash_flood,robust,14,4,73440.0,-14405.83
flash_flood,adaptive,14,4,73440.0,-19231.5
flash_flood,robust,14,5,69552.0,55146.17
flash_flood,adaptive,14,5,69552.0,50320.5
flash_flood,robust,15,0,4676.8,-246408.77
flash_flood,adaptive,15,0,3690.83,-247394.74
flash_flood,robust,15,1,9062.68,-237346.09
flash_flood,adaptive,15,1,8937.08,-238457.65
flash_flood,robust,15,2,22216.82,-215129.27
flash_flood,adaptive,15,2,21111.26,-217346.39
flash_flood,robust,15,3,150853.28,-64275.99
flash_flood,adaptive,15,3,145556.67,-71789.72
flash_flood,robust,15,4,73872.0,9596.01
flash_flood,adaptive,15,4,73872.0,2082.28
flash_flood,robust,15,5,39552.0,49148.01
flash_flood,adaptive,15,5,39552.0,41634.28
flash_flood,robust,16,0,4519.62,-237183.12
flash_flood,adaptive,16,0,3862.22,-237840.52
flash_flood,robust,16,1,8274.79,-228908.33
flash_flood,adaptive,16,1,7906.98,-229933.54
flash_flood,robust,16,2,17720.11,-211188.22
flash_flood,adaptive,16,2,17356.56,-212576.98
flash_flood,robust,16,3,113644.52,-97543.69
flash_flood,adaptive,16,3,106515.34,-106061.64
flash_flood,robust,16,4,73872.0,-23671.69
flash_flood,adaptive,16,4,73872.0,-32189.64
flash_flood,robust,16,5,62112.0,38440.31
flash_flood,adaptive,16,5,62112.0,29922.36
flash_flood,robust,17,0,5065.38,-216883.42
flash_flood,adaptive,17,0,4504.26,-217444.54
flash_flood,robust,17,1,13420.68,-203462.74
flash_flood,adaptive,17,1,13333.04,-204111.5
flash_flood,robust,17,2,20482.34,-182980.4
flash_flood,adaptive,17,2,19878.58,-184232.92
flash_flood,robust,17,3,153835.79,-29144.61
flash_flood,adaptive,17,3,148643.59,-35589.34
flash_flood,robust,17,4,45504.0,16359.39
flash_flood,adaptive,17,4,45504.0,9914.66
flash_flood,robust,17,5,34848.0,51207.39
flash_flood,adaptive,17,5,34848.0,44762.66
flash_flood,robust,18,0,3915.87,-254144.05
flash_flood,adaptive,18,0,2977.43,-255082.49
flash_flood,robust,18,1,14001.6,-240142.46
flash_flood,adaptive,18,1,12886.0,-242196.49
flash_flood,robust,18,2,16980.08,-223162.38
flash_flood,adaptive,18,2,16079.1,-226117.39
flash_flood,robust,18,3,167351.88,-55810.5
flash_flood,adaptive,18,3,151849.21,-74268.17
flash_flood,robust,18,4,68352.0,12541.5
flash_flood,adaptive,18,4,68352.0,-5916.17
flash_flood,robust,18,5,46464.0,59005.5
flash_flood,adaptive,18,5,46464.0,40547.83
flash_flood,robust,19,0,6517.27,-195166.59
flash_flood,adaptive,19,0,5274.83,-196409.04
flash_flood,robust,19,1,13843.32,-181323.27
flash_flood,adaptive,19,1,13561.39,-182847.65
flash_flood,robust,19,2,15395.71,-165927.56
flash_flood,adaptive,19,2,15091.51,-167756.14
flash_flood,robust,19,3,102762.56,-63165.01
flash_flood,adaptive,19,3,95352.31,-72403.83
flash_flood,robust,19,4,73536.0,10370.99
flash_flood,adaptive,19,4,73536.0,1132.17
flash_flood,robust,19,5,57312.0,67682.99
flash_flood,adaptive,19,5,57312.0,58444.17
flash_flood,robust,20,0,4808.8,-184441.29
flash_flood,adaptive,20,0,3831.12,-185418.97
flash_flood,robust,20,1,10940.96,-173500.33
flash_flood,adaptive,20,1,10960.48,-174458.48
flash_flood,robust,20,2,17797.73,-155702.59
flash_flood,adaptive,20,2,17852.36,-156606.12
flash_flood,robust,20,3,70816.81,-84885.78
flash_flood,adaptive,20,3,61118.25,-95487.88
flash_flood,robust,20,4,77616.0,-7269.78
flash_flood,adaptive,20,4,77616.0,-17871.88
flash_flood,robust,20,5,63600.0,56330.22
flash_flood,adaptive,20,5,63600.0,45728.12
flash_flood,robust,21,0,5794.52,-226142.67
flash_flood,adaptive,21,0,4764.88,-227172.31
flash_flood,robust,21,1,10601.4,-215541.27
flash_flood,adaptive,21,1,10516.34,-216655.97
flash_flood,robust,21,2,13631.5,-201909.77
flash_flood,adaptive,21,2,13240.8,-203415.17
flash_flood,robust,21,3,116402.82,-85506.95
flash_flood,adaptive,21,3,108188.9,-95226.27
flash_flood,robust,21,4,92496.0,6989.05
flash_flood,adaptive,21,4,92496.0,-2730.27
flash_flood,robust,21,5,38208.0,45197.05
flash_flood,adaptive,21,5,38208.0,35477.73
flash_flood,robust,22,0,3420.97,-256361.03
flash_flood,adaptive,22,0,3203.6,-256578.39
flash_flood,robust,22,1,8851.51,-247509.52
flash_flood,adaptive,22,1,6703.75,-249874.64
flash_flood,robust,22,2,18900.78,-228608.74
flash_flood,adaptive,22,2,19079.04,-230795.6
flash_flood,robust,22,3,132791.97,-95816.77
flash_flood,adaptive,22,3,127874.62,-102920.98
flash_flood,robust,22,4,85728.0,-10088.77
flash_flood,adaptive,22,4,85728.0,-17192.98
flash_flood,robust,22,5,53472.0,43383.23
flash_flood,adaptive,22,5,53472.0,36279.02
flash_flood,robust,23,0,6423.5,-226140.89
flash_flood,adaptive,23,0,5040.76,-227523.62
flash_flood,robust,23,1,11332.74,-214808.15
flash_flood,adaptive,23,1,11181.53,-216342.1
flash_flood,robust,23,2,28993.34,-185814.81
flash_flood,adaptive,23,2,28259.38,-188082.72
flash_flood,robust,23,3,143520.86,-42293.95
flash_flood,adaptive,23,3,140182.75,-47899.97
flash_flood,robust,23,4,56688.0,14394.05
flash_flood,adaptive,23,4,56688.0,8788.03
flash_flood,robust,23,5,43920.0,58314.05
flash_flood,adaptive,23,5,43920.0,52708.03
flash_flood,robust,24,0,3075.67,-158958.52
flash_flood,adaptive,24,0,2771.59,-159262.6
flash_flood,robust,24,1,13220.69,-145737.82
flash_flood,adaptive,24,1,12461.46,-146801.14
flash_flood,robust,24,2,17603.1,-128134.72
flash_flood,adaptive,24,2,17341.43,-129459.71
flash_flood,robust,24,3,54951.34,-73183.38
flash_flood,adaptive,24,3,51435.97,-78023.74
flash_flood,robust,24,4,91466.48,18283.1
flash_flood,adaptive,24,4,84183.34,6159.6
flash_flood,robust,24,5,33600.0,51883.1
flash_flood,adaptive,24,5,33600.0,39759.6
flash_flood,robust,25,0,7180.84,-185358.91
flash_flood,adaptive,25,0,6052.69,-186487.06
flash_flood,robust,25,1,10524.72,-174834.19
flash_flood,adaptive,25,1,10593.03,-175894.04
flash_flood,robust,25,2,17779.34,-157054.85
flash_flood,adaptive,25,2,17990.36,-157903.68
flash_flood,robust,25,3,75657.81,-81397.04
flash_flood,adaptive,25,3,68319.87,-89583.81
flash_flood,robust,25,4,102528.0,21130.96
flash_flood,adaptive,25,4,102528.0,12944.19
flash_flood,robust,25,5,42768.0,63898.96
flash_flood,adaptive,25,5,42768.0,55712.19
flash_flood,robust,26,0,10216.92,-159550.39
flash_flood,adaptive,26,0,8767.74,-160999.57
flash_flood,robust,26,1,9911.32,-149639.06
flash_flood,adaptive,26,1,9999.01,-151000.56
flash_flood,robust,26,2,19266.88,-130372.19
flash_flood,adaptive,26,2,19092.05,-131908.51
flash_flood,robust,26,3,82724.83,-47647.35
flash_flood,adaptive,26,3,80539.32,-51369.19
flash_flood,robust,26,4,55056.0,7408.65
flash_flood,adaptive,26,4,55056.0,3686.81
flash_flood,robust,26,5,35280.0,42688.65
flash_flood,adaptive,26,5,35280.0,38966.81
flash_flood,robust,27,0,10241.06,-282345.77
flash_flood,adaptive,27,0,9654.6,-282932.23
flash_flood,robust,27,1,12563.04,-269782.73
flash_flood,adaptive,27,1,11507.88,-271424.35
flash_flood,robust,27,2,15195.51,-254587.22
flash_flood,adaptive,27,2,14211.21,-257213.14
flash_flood,robust,27,3,151656.7,-102930.52
flash_flood,adaptive,27,3,144761.34,-112451.8
flash_flood,robust,27,4,82032.0,-20898.52
flash_flood,adaptive,27,4,82032.0,-30419.8
flash_flood,robust,27,5,65664.0,44765.48
flash_flood,adaptive,27,5,65664.0,35244.2
flash_flood,robust,28,0,6589.11,-233317.79
flash_flood,adaptive,28,0,5722.75,-234184.15
flash_flood,robust,28,1,11823.99,-221493.8
flash_flood,adaptive,28,1,11175.47,-223008.68
flash_flood,robust,28,2,12528.58,-208965.22
flash_flood,adaptive,28,2,12860.4,-210148.28
flash_flood,robust,28,3,155079.29,-53885.93
flash_flood,adaptive,28,3,142197.43,-67950.86
flash_flood,robust,28,4,47040.0,-6845.93
flash_flood,adaptive,28,4,47040.0,-20910.86
flash_flood,robust,28,5,79104.0,72258.07
flash_flood,adaptive,28,5,79104.0,58193.14
flash_flood,robust,29,0,4742.06,-237878.05
flash_flood,adaptive,29,0,3972.59,-238647.53
flash_flood,robust,29,1,11150.19,-226727.86
flash_flood,adaptive,29,1,10677.6,-227969.93
flash_flood,robust,29,2,19891.36,-206836.49
flash_flood,adaptive,29,2,18998.95,-208970.98
flash_flood,robust,29,3,132457.12,-74379.38
flash_flood,adaptive,29,3,123133.34,-85837.64
flash_flood,robust,29,4,85248.0,10868.62
flash_flood,adaptive,29,4,85248.0,-589.64
flash_flood,robust,29,5,30240.0,41108.62
flash_flood,adaptive,29,5,30240.0,29650.36
creeping_crisis,robust,0,0,6077.93,-464666.96
creeping_crisis,adaptive,0,0,5019.32,-465725.57
creeping_crisis,robust,0,1,21180.81,-443486.15
creeping_crisis,adaptive,0,1,20967.23,-444758.34
creeping_crisis,robust,0,2,77067.71,-366418.44
creeping_crisis,adaptive,0,2,76611.83,-368146.5
creeping_crisis,robust,0,3,152458.35,-213960.08
creeping_crisis,adaptive,0,3,152456.48,-215690.02
creeping_crisis,robust,0,4,102336.0,-111624.08
creeping_crisis,adaptive,0,4,102336.0,-113354.02
creeping_crisis,robust,0,5,154752.0,43127.92
creeping_crisis,adaptive,0,5,154752.0,41397.98
creeping_crisis,robust,1,0,10394.95,-355814.79
creeping_crisis,adaptive,1,0,9358.07,-356851.66
creeping_crisis,robust,1,1,15822.98,-339991.81
creeping_crisis,adaptive,1,1,15822.98,-341028.69
creeping_crisis,robust,1,2,43173.5,-296818.31
creeping_crisis,adaptive,1,2,42046.71,-298981.98
creeping_crisis,robust,1,3,149517.43,-147300.88
creeping_crisis,adaptive,1,3,144241.68,-154740.3
creeping_crisis,robust,1,4,76896.0,-70404.88
creeping_crisis,adaptive,1,4,76896.0,-77844.3
creeping_crisis,robust,1,5,105840.0,35435.12
creeping_crisis,adaptive,1,5,105840.0,27995.7
creeping_crisis,robust,2,0,8579.04,-394201.98
creeping_crisis,adaptive,2,0,7602.56,-395178.46
creeping_crisis,robust,2,1,23142.26,-371059.72
creeping_crisis,adaptive,2,1,22211.13,-372967.32
creeping_crisis,robust,2,2,51711.09,-319348.63
creeping_crisis,adaptive,2,2,48705.83,-324261.5
creeping_crisis,robust,2,3,147580.64,-171767.99
creeping_crisis,adaptive,2,3,143451.11,-180810.38
creeping_crisis,robust,2,4,91008.0,-80759.99
creeping_crisis,adaptive,2,4,91008.0,-89802.38
creeping_crisis,robust,2,5,110784.0,30024.01
creeping_crisis,adaptive,2,5,110784.0,20981.62
creeping_crisis,robust,3,0,3680.19,-369937.91
creeping_crisis,adaptive,3,0,2619.41,-370998.68
creeping_crisis,robust,3,1,21737.19,-348200.72
creeping_crisis,adaptive,3,1,21987.55,-349011.13
creeping_crisis,robust,3,2,64114.36,-284086.36
creeping_crisis,adaptive,3,2,61950.13,-287061.0
creeping_crisis,robust,3,3,133825.65,-150260.72
creeping_crisis,adaptive,3,3,127399.49,-159661.51
creeping_crisis,robust,3,4,87360.0,-62900.72
creeping_crisis,adaptive,3,4,87360.0,-72301.51
creeping_crisis,robust,3,5,121920.0,59019.28
creeping_crisis,adaptive,3,5,121920.0,49618.49
creeping_crisis,robust,4,0,7723.5,-354971.46
creeping_crisis,adaptive,4,0,5789.43,-356905.54
creeping_crisis,robust,4,1,19799.13,-335172.34
creeping_crisis,adaptive,4,1,20595.95,-336309.59
creeping_crisis,robust,4,2,50235.69,-284936.64
creeping_crisis,adaptive,4,2,51159.26,-285150.33
creeping_crisis,robust,4,3,109062.19,-175874.45
creeping_crisis,adaptive,4,3,106234.64,-178915.69
creeping_crisis,robust,4,4,87024.0,-88850.45
creeping_crisis,adaptive,4,4,87024.0,-91891.69
creeping_crisis,robust,4,5,126048.0,37197.55
creeping_crisis,adaptive,4,5,126048.0,34156.31
creeping_crisis,robust,5,0,3677.01,-431747.91
creeping_crisis,adaptive,5,0,2657.25,-432767.67
creeping_crisis,robust,5,1,21293.3,-410454.61
creeping_crisis,adaptive,5,1,21624.06,-411143.61
creeping_crisis,robust,5,2,71910.96,-338543.65
creeping_crisis,adaptive,5,2,62932.32,-348211.29
creeping_crisis,robust,5,3,139776.0,-198767.65
creeping_crisis,adaptive,5,3,137348.02,-210863.27
creeping_crisis,robust,5,4,87888.0,-110879.65
creeping_crisis,adaptive,5,4,87888.0,-122975.27
creeping_crisis,robust,5,5,168432.0,57552.35
creeping_crisis,adaptive,5,5,168432.0,45456.73
creeping_crisis,robust,6,0,11007.6,-370749.99
creeping_crisis,adaptive,6,0,9340.17,-372417.43
creeping_crisis,robust,6,1,18513.18,-352236.81
creeping_crisis,adaptive,6,1,19044.66,-353372.77
creeping_crisis,robust,6,2,56152.61,-296084.2
creeping_crisis,adaptive,6,2,54320.63,-299052.14
creeping_crisis,robust,6,3,123504.0,-172580.2
creeping_crisis,adaptive,6,3,121006.9,-178045.24
creeping_crisis,robust,6,4,104880.0,-67700.2
creeping_crisis,adaptive,6,4,104880.0,-73165.24
creeping_crisis,robust,6,5,116592.0,48891.8
creeping_crisis,adaptive,6,5,116592.0,43426.76
creeping_crisis,robust,7,0,3379.44,-367482.84
creeping_crisis,adaptive,7,0,2826.82,-368035.46
creeping_crisis,robust,7,1,18944.98,-348537.85
creeping_crisis,adaptive,7,1,18713.74,-349321.72
creeping_crisis,robust,7,2,68020.32,-280517.54
creeping_crisis,adaptive,7,2,65063.64,-284258.08
creeping_crisis,robust,7,3,163730.5,-116787.04
creeping_crisis,adaptive,7,3,158303.08,-125955.0
creeping_crisis,robust,7,4,56784.0,-60003.04
creeping_crisis,adaptive,7,4,56784.0,-69171.0
creeping_crisis,robust,7,5,135840.0,75836.96
creeping_crisis,adaptive,7,5,135840.0,66669.0
creeping_crisis,robust,8,0,8714.48,-450564.02
creeping_crisis,adaptive,8,0,8074.0,-451204.5
creeping_crisis,robust,8,1,21816.78,-428747.24
creeping_crisis,adaptive,8,1,21471.71,-429732.79
creeping_crisis,robust,8,2,59937.35,-368809.89
creeping_crisis,adaptive,8,2,55433.64,-374299.15
creeping_crisis,robust,8,3,165573.07,-203236.82
creeping_crisis,adaptive,8,3,155854.72,-218444.43
creeping_crisis,robust,8,4,125088.0,-78148.82
creeping_crisis,adaptive,8,4,125088.0,-93356.43
creeping_crisis,robust,8,5,127392.0,49243.18
creeping_crisis,adaptive,8,5,127392.0,34035.57
creeping_crisis,robust,9,0,6835.73,-447400.28
creeping_crisis,adaptive,9,0,5989.61,-448246.4
creeping_crisis,robust,9,1,22362.98,-425037.3
creeping_crisis,adaptive,9,1,22256.77,-425989.63
creeping_crisis,robust,9,2,58276.99,-366760.31
creeping_crisis,adaptive,9,2,57302.86,-368686.78
creeping_crisis,robust,9,3,147532.93,-219227.38
creeping_crisis,adaptive,9,3,140944.64,-227742.14
creeping_crisis,robust,9,4,131184.0,-88043.38
creeping_crisis,adaptive,9,4,131184.0,-96558.14
creeping_crisis,robust,9,5,124560.0,36516.62
creeping_crisis,adaptive,9,5,124560.0,28001.86
creeping_crisis,robust,10,0,2419.12,-370280.83
creeping_crisis,adaptive,10,0,2276.81,-370423.14
creeping_crisis,robust,10,1,11509.58,-358771.25
creeping_crisis,adaptive,10,1,10783.8,-359639.34
creeping_crisis,robust,10,2,70700.06,-288071.18
creeping_crisis,adaptive,10,2,66439.53,-293199.81
creeping_crisis,robust,10,3,92640.0,-195431.18
creeping_crisis,adaptive,10,3,87595.1,-205604.71
creeping_crisis,robust,10,4,102240.0,-93191.18
creeping_crisis,adaptive,10,4,102240.0,-103364.71
creeping_crisis,robust,10,5,152592.0,59400.82
creeping_crisis,adaptive,10,5,152592.0,49227.29
creeping_crisis,robust,11,0,2168.31,-468996.36
creeping_crisis,adaptive,11,0,2036.84,-469127.83
creeping_crisis,robust,11,1,19860.0,-449136.36
creeping_crisis,adaptive,11,1,18210.5,-450917.33
creeping_crisis,robust,11,2,100174.89,-348961.46
creeping_crisis,adaptive,11,2,92734.75,-358182.58
creeping_crisis,robust,11,3,122928.0,-226033.46
creeping_crisis,adaptive,11,3,122928.0,-235254.58
creeping_crisis,robust,11,4,115152.0,-110881.46
creeping_crisis,adaptive,11,4,115152.0,-120102.58
creeping_crisis,robust,11,5,141120.0,30238.54
creeping_crisis,adaptive,11,5,141120.0,21017.42
creeping_crisis,robust,12,0,1935.55,-446249.42
creeping_crisis,adaptive,12,0,1835.88,-446349.09
creeping_crisis,robust,12,1,25907.76,-420341.67
creeping_crisis,adaptive,12,1,25016.41,-421332.69
creeping_crisis,robust,12,2,62769.43,-357572.24
creeping_crisis,adaptive,12,2,61946.48,-359386.21
creeping_crisis,robust,12,3,140004.82,-217567.42
creeping_crisis,adaptive,12,3,136419.93,-222966.28
creeping_crisis,robust,12,4,108720.0,-108847.42
creeping_crisis,adaptive,12,4,108720.0,-114246.28
creeping_crisis,robust,12,5,153120.0,44272.58
creeping_crisis,adaptive,12,5,153120.0,38873.72
creeping_crisis,robust,13,0,10897.26,-381324.12
creeping_crisis,adaptive,13,0,10335.01,-381886.37
creeping_crisis,robust,13,1,24801.7,-356522.42
creeping_crisis,adaptive,13,1,24337.42,-357548.95
creeping_crisis,robust,13,2,60394.07,-296128.34
creeping_crisis,adaptive,13,2,56046.75,-301502.21
creeping_crisis,robust,13,3,122391.09,-173737.25
creeping_crisis,adaptive,13,3,116022.32,-185479.89
creeping_crisis,robust,13,4,105648.0,-68089.25
creeping_crisis,adaptive,13,4,105648.0,-79831.89
creeping_crisis,robust,13,5,119136.0,51046.75
creeping_crisis,adaptive,13,5,119136.0,39304.11
creeping_crisis,robust,14,0,9408.23,-450010.84
creeping_crisis,adaptive,14,0,7919.02,-451500.06
creeping_crisis,robust,14,1,26091.45,-423919.4
creeping_crisis,adaptive,14,1,26036.16,-425463.9
creeping_crisis,robust,14,2,60362.13,-363557.27
creeping_crisis,adaptive,14,2,55545.49,-369918.42
creeping_crisis,robust,14,3,151887.12,-211670.14
creeping_crisis,adaptive,14,3,148094.55,-221823.87
creeping_crisis,robust,14,4,108960.0,-102710.14
creeping_crisis,adaptive,14,4,108960.0,-112863.87
creeping_crisis,robust,14,5,136752.0,34041.86
creeping_crisis,adaptive,14,5,136752.0,23888.13
creeping_crisis,robust,15,0,5771.67,-469800.16
creeping_crisis,adaptive,15,0,5189.54,-470382.3
creeping_crisis,robust,15,1,18822.12,-450978.04
creeping_crisis,adaptive,15,1,18301.14,-452081.15
creeping_crisis,robust,15,2,112113.86,-338864.18
creeping_crisis,adaptive,15,2,103902.73,-348178.43
creeping_crisis,robust,15,3,134688.0,-204176.18
creeping_crisis,adaptive,15,3,134688.0,-213490.43
creeping_crisis,robust,15,4,102528.0,-101648.18
creeping_crisis,adaptive,15,4,102528.0,-110962.43
creeping_crisis,robust,15,5,139584.0,37935.82
creeping_crisis,adaptive,15,5,139584.0,28621.57
creeping_crisis,robust,16,0,7298.86,-449439.47
creeping_crisis,adaptive,16,0,6374.7,-450363.63
creeping_crisis,robust,16,1,13248.48,-436190.99
creeping_crisis,adaptive,16,1,13173.5,-437190.13
creeping_crisis,robust,16,2,55021.43,-381169.56
creeping_crisis,adaptive,16,2,51446.78,-385743.35
creeping_crisis,robust,16,3,146457.67,-234711.88
creeping_crisis,adaptive,16,3,139910.24,-245833.12
creeping_crisis,robust,16,4,108384.0,-126327.88
creeping_crisis,adaptive,16,4,108384.0,-137449.12
creeping_crisis,robust,16,5,161232.0,34904.12
creeping_crisis,adaptive,16,5,161232.0,23782.88
creeping_crisis,robust,17,0,5065.38,-426144.32
creeping_crisis,adaptive,17,0,4504.26,-426705.44
creeping_crisis,robust,17,1,25356.75,-400787.57
creeping_crisis,adaptive,17,1,24787.28,-401918.16
creeping_crisis,robust,17,2,94208.31,-306579.26
creeping_crisis,adaptive,17,2,89427.04,-312491.12
creeping_crisis,robust,17,3,124944.0,-181635.26
creeping_crisis,adaptive,17,3,124944.0,-187547.12
creeping_crisis,robust,17,4,87936.0,-93699.26
creeping_crisis,adaptive,17,4,87936.0,-99611.12
creeping_crisis,robust,17,5,136224.0,42524.74
creeping_crisis,adaptive,17,5,136224.0,36612.88
creeping_crisis,robust,18,0,3915.87,-432884.99
creeping_crisis,adaptive,18,0,3326.85,-433474.01
creeping_crisis,robust,18,1,24788.6,-408096.4
creeping_crisis,adaptive,18,1,22897.21,-410576.81
creeping_crisis,robust,18,2,125904.78,-282191.62
creeping_crisis,adaptive,18,2,110908.55,-299668.25
creeping_crisis,robust,18,3,134784.0,-147407.62
creeping_crisis,adaptive,18,3,134784.0,-164884.25
creeping_crisis,robust,18,4,98208.0,-49199.62
creeping_crisis,adaptive,18,4,98208.0,-66676.25
creeping_crisis,robust,18,5,107760.0,58560.38
creeping_crisis,adaptive,18,5,107760.0,41083.75
creeping_crisis,robust,19,0,7204.23,-393590.28
creeping_crisis,adaptive,19,0,6656.83,-394137.69
creeping_crisis,robust,19,1,23196.95,-370393.33
creeping_crisis,adaptive,19,1,22742.58,-371395.11
creeping_crisis,robust,19,2,82491.78,-287901.56
creeping_crisis,adaptive,19,2,69757.76,-301637.35
creeping_crisis,robust,19,3,115008.0,-172893.56
creeping_crisis,adaptive,19,3,115008.0,-186629.35
creeping_crisis,robust,19,4,114048.0,-58845.56
creeping_crisis,adaptive,19,4,114048.0,-72581.35
creeping_crisis,robust,19,5,118992.0,60146.44
creeping_crisis,adaptive,19,5,118992.0,46410.65
creeping_crisis,robust,20,0,5528.89,-383259.14
creeping_crisis,adaptive,20,0,5364.97,-383423.06
creeping_crisis,robust,20,1,19938.2,-363320.94
creeping_crisis,adaptive,20,1,18631.66,-364791.4
creeping_crisis,robust,20,2,50809.68,-312511.27
creeping_crisis,adaptive,20,2,47635.81,-317155.59
creeping_crisis,robust,20,3,110551.58,-201959.69
creeping_crisis,adaptive,20,3,103175.57,-213980.02
creeping_crisis,robust,20,4,110016.0,-91943.69
creeping_crisis,adaptive,20,4,110016.0,-103964.02
creeping_crisis,robust,20,5,152928.0,60984.31
creeping_crisis,adaptive,20,5,152928.0,48963.98
creeping_crisis,robust,21,0,7572.55,-409985.75
creeping_crisis,adaptive,21,0,5841.04,-411717.26
creeping_crisis,robust,21,1,15136.35,-394849.4
creeping_crisis,adaptive,21,1,15003.97,-396713.29
creeping_crisis,robust,21,2,63226.09,-331623.31
creeping_crisis,adaptive,21,2,62583.56,-334129.73
creeping_crisis,robust,21,3,163763.8,-167859.51
creeping_crisis,adaptive,21,3,160884.97,-173244.76
creeping_crisis,robust,21,4,84288.0,-83571.51
creeping_crisis,adaptive,21,4,84288.0,-88956.76
creeping_crisis,robust,21,5,124560.0,40988.49
creeping_crisis,adaptive,21,5,124560.0,35603.24
creeping_crisis,robust,22,0,4651.7,-474705.76
creeping_crisis,adaptive,22,0,3614.16,-475743.3
creeping_crisis,robust,22,1,22643.81,-452061.95
creeping_crisis,adaptive,22,1,22731.91,-453011.39
creeping_crisis,robust,22,2,67260.81,-384801.14
creeping_crisis,adaptive,22,2,58836.15,-394175.24
creeping_crisis,robust,22,3,158496.0,-226305.14
creeping_crisis,adaptive,22,3,155862.7,-238312.54
creeping_crisis,robust,22,4,86736.0,-139569.14
creeping_crisis,adaptive,22,4,86736.0,-151576.54
creeping_crisis,robust,22,5,170544.0,30974.86
creeping_crisis,adaptive,22,5,170544.0,18967.46
creeping_crisis,robust,23,0,8314.19,-442244.61
creeping_crisis,adaptive,23,0,6967.79,-443591.0
creeping_crisis,robust,23,1,21809.33,-420435.28
creeping_crisis,adaptive,23,1,22007.61,-421583.39
creeping_crisis,robust,23,2,111070.56,-309364.72
creeping_crisis,adaptive,23,2,105843.87,-315739.52
creeping_crisis,robust,23,3,111072.0,-198292.72
creeping_crisis,adaptive,23,3,111072.0,-204667.52
creeping_crisis,robust,23,4,82032.0,-116260.72
creeping_crisis,adaptive,23,4,82032.0,-122635.52
creeping_crisis,robust,23,5,153552.0,37291.28
creeping_crisis,adaptive,23,5,153552.0,30916.48
creeping_crisis,robust,24,0,4230.18,-356946.52
creeping_crisis,adaptive,24,0,2788.11,-358388.59
creeping_crisis,robust,24,1,22240.56,-334705.96
creeping_crisis,adaptive,24,1,22474.31,-335914.27
creeping_crisis,robust,24,2,42465.54,-292240.42
creeping_crisis,adaptive,24,2,43526.33,-292387.94
creeping_crisis,robust,24,3,113948.13,-178292.29
creeping_crisis,adaptive,24,3,111207.78,-181180.17
creeping_crisis,robust,24,4,82320.0,-95972.29
creeping_crisis,adaptive,24,4,82320.0,-98860.17
creeping_crisis,robust,24,5,162576.0,66603.71
creeping_crisis,adaptive,24,5,162576.0,63715.83
creeping_crisis,robust,25,0,7941.05,-357692.37
creeping_crisis,adaptive,25,0,6839.57,-358793.86
creeping_crisis,robust,25,1,18383.25,-339309.13
creeping_crisis,adaptive,25,1,18128.76,-340665.1
creeping_crisis,robust,25,2,53756.31,-285552.82
creeping_crisis,adaptive,25,2,51725.27,-288939.83
creeping_crisis,robust,25,3,150435.53,-135117.29
creeping_crisis,adaptive,25,3,145963.76,-142976.07
creeping_crisis,robust,25,4,69360.0,-65757.29
creeping_crisis,adaptive,25,4,69360.0,-73616.07
creeping_crisis,robust,25,5,124992.0,59234.71
creeping_crisis,adaptive,25,5,124992.0,51375.93
creeping_crisis,robust,26,0,12192.49,-300570.12
creeping_crisis,adaptive,26,0,11084.3,-301678.32
creeping_crisis,robust,26,1,18831.46,-281738.66
creeping_crisis,adaptive,26,1,18984.25,-282694.06
creeping_crisis,robust,26,2,54458.04,-227280.63
creeping_crisis,adaptive,26,2,50698.03,-231996.04
creeping_crisis,robust,26,3,104059.83,-123220.8
creeping_crisis,adaptive,26,3,94578.15,-137417.89
creeping_crisis,robust,26,4,64608.0,-58612.8
creeping_crisis,adaptive,26,4,64608.0,-72809.89
creeping_crisis,robust,26,5,120768.0,62155.2
creeping_crisis,adaptive,26,5,120768.0,47958.11
creeping_crisis,robust,27,0,10241.06,-457139.79
creeping_crisis,adaptive,27,0,9654.6,-457726.25
creeping_crisis,robust,27,1,23423.75,-433716.05
creeping_crisis,adaptive,27,1,22106.89,-435619.36
creeping_crisis,robust,27,2,112032.4,-321683.65
creeping_crisis,adaptive,27,2,104918.51,-330700.84
creeping_crisis,robust,27,3,157248.0,-164435.65
creeping_crisis,adaptive,27,3,157248.0,-173452.84
creeping_crisis,robust,27,4,77856.0,-86579.65
creeping_crisis,adaptive,27,4,77856.0,-95596.84
creeping_crisis,robust,27,5,121632.0,35052.35
creeping_crisis,adaptive,27,5,121632.0,26035.16
creeping_crisis,robust,28,0,7713.23,-409674.96
creeping_crisis,adaptive,28,0,6800.6,-410587.59
creeping_crisis,robust,28,1,17985.1,-391689.86
creeping_crisis,adaptive,28,1,17713.9,-392873.69
creeping_crisis,robust,28,2,100856.86,-290833.0
creeping_crisis,adaptive,28,2,88262.89,-304610.8
creeping_crisis,robust,28,3,123744.0,-167089.0
creeping_crisis,adaptive,28,3,123744.0,-180866.8
creeping_crisis,robust,28,4,100704.0,-66385.0
creeping_crisis,adaptive,28,4,100704.0,-80162.8
creeping_crisis,robust,28,5,119568.0,53183.0
creeping_crisis,adaptive,28,5,119568.0,39405.2
creeping_crisis,robust,29,0,6776.73,-449842.04
creeping_crisis,adaptive,29,0,6089.7,-450529.07
creeping_crisis,robust,29,1,22067.68,-427774.37
creeping_crisis,adaptive,29,1,21402.16,-429126.91
creeping_crisis,robust,29,2,60145.32,-367629.05
creeping_crisis,adaptive,29,2,53158.7,-375968.2
creeping_crisis,robust,29,3,171360.0,-196269.05
creeping_crisis,adaptive,29,3,171360.0,-204608.2
creeping_crisis,robust,29,4,74592.0,-121677.05
creeping_crisis,adaptive,29,4,74592.0,-130016.2
creeping_crisis,robust,29,5,158640.0,36962.95
creeping_crisis,adaptive,29,5,158640.0,28623.8
acuity_flip,robust,0,0,23441.74,-859956.98
acuity_flip,adaptive,0,0,22031.0,-861367.72
acuity_flip,robust,0,1,63706.1,-796250.87
acuity_flip,adaptive,0,1,55153.78,-806213.95
acuity_flip,robust,0,2,138480.0,-657770.87
acuity_flip,adaptive,0,2,135037.83,-671176.12
acuity_flip,robust,0,3,302736.0,-355034.87
acuity_flip,adaptive,0,3,302736.0,-368440.12
acuity_flip,robust,0,4,164160.0,-190874.87
acuity_flip,adaptive,0,4,164160.0,-204280.12
acuity_flip,robust,0,5,242832.0,51957.13
acuity_flip,adaptive,0,5,242832.0,38551.88
acuity_flip,robust,1,0,34829.43,-667851.97
acuity_flip,adaptive,1,0,32714.04,-669967.36
acuity_flip,robust,1,1,20174.05,-647677.91
acuity_flip,adaptive,1,1,18953.01,-651014.35
acuity_flip,robust,1,2,41669.15,-606008.77
acuity_flip,adaptive,1,2,37104.74,-613909.61
acuity_flip,robust,1,3,217435.37,-388573.4
acuity_flip,adaptive,1,3,205317.27,-408592.34
acuity_flip,robust,1,4,197520.0,-191053.4
acuity_flip,adaptive,1,4,197520.0,-211072.34
acuity_flip,robust,1,5,260688.0,69634.6
acuity_flip,adaptive,1,5,260688.0,49615.66
acuity_flip,robust,2,0,21976.55,-804084.09
acuity_flip,adaptive,2,0,21184.09,-804876.55
acuity_flip,robust,2,1,49655.55,-754428.54
acuity_flip,adaptive,2,1,45413.85,-759462.7
acuity_flip,robust,2,2,123408.0,-631020.54
acuity_flip,adaptive,2,2,117457.74,-642004.97
acuity_flip,robust,2,3,224256.0,-406764.54
acuity_flip,adaptive,2,3,224256.0,-417748.97
acuity_flip,robust,2,4,194640.0,-212124.54
acuity_flip,adaptive,2,4,194640.0,-223108.97
acuity_flip,robust,2,5,251280.0,39155.46
acuity_flip,adaptive,2,5,251280.0,28171.03
acuity_flip,robust,3,0,18449.9,-737914.26
acuity_flip,adaptive,3,0,17691.4,-738672.77
acuity_flip,robust,3,1,28347.76,-709566.5
acuity_flip,adaptive,3,1,25277.83,-713394.94
acuity_flip,robust,3,2,103036.0,-606530.5
acuity_flip,adaptive,3,2,92505.95,-620888.99
acuity_flip,robust,3,3,286944.0,-319586.5
acuity_flip,adaptive,3,3,286944.0,-333944.99
acuity_flip,robust,3,4,153072.0,-166514.5
acuity_flip,adaptive,3,4,153072.0,-180872.99
acuity_flip,robust,3,5,221136.0,54621.5
acuity_flip,adaptive,3,5,221136.0,40263.01
acuity_flip,robust,4,0,25318.59,-726223.61
acuity_flip,adaptive,4,0,23979.05,-727563.16
acuity_flip,robust,4,1,28228.44,-697995.18
acuity_flip,adaptive,4,1,25920.73,-701642.43
acuity_flip,robust,4,2,81220.48,-616774.69
acuity_flip,adaptive,4,2,68831.0,-632811.43
acuity_flip,robust,4,3,252432.0,-364342.69
acuity_flip,adaptive,4,3,252432.0,-380379.43
acuity_flip,robust,4,4,129072.0,-235270.69
acuity_flip,adaptive,4,4,129072.0,-251307.43
acuity_flip,robust,4,5,279888.0,44617.31
acuity_flip,adaptive,4,5,279888.0,28580.57
acuity_flip,robust,5,0,18014.71,-790170.32
acuity_flip,adaptive,5,0,17042.01,-791143.02
acuity_flip,robust,5,1,31243.97,-758926.36
acuity_flip,adaptive,5,1,29043.27,-762099.75
acuity_flip,robust,5,2,122547.59,-636378.76
acuity_flip,adaptive,5,2,113165.7,-648934.05
acuity_flip,robust,5,3,229680.0,-406698.76
acuity_flip,adaptive,5,3,229680.0,-419254.05
acuity_flip,robust,5,4,219360.0,-187338.76
acuity_flip,adaptive,5,4,219360.0,-199894.05
acuity_flip,robust,5,5,229536.0,42197.24
acuity_flip,adaptive,5,5,229536.0,29641.95
acuity_flip,robust,6,0,33574.84,-724534.09
acuity_flip,adaptive,6,0,31009.05,-727099.88
acuity_flip,robust,6,1,28275.86,-696258.23
acuity_flip,adaptive,6,1,25913.2,-701186.68
acuity_flip,robust,6,2,93452.92,-602805.31
acuity_flip,adaptive,6,2,88404.68,-612782.0
acuity_flip,robust,6,3,225936.0,-376869.31
acuity_flip,adaptive,6,3,225936.0,-386846.0
acuity_flip,robust,6,4,135648.0,-241221.31
acuity_flip,adaptive,6,4,135648.0,-251198.0
acuity_flip,robust,6,5,270672.0,29450.69
acuity_flip,adaptive,6,5,270672.0,19474.0
acuity_flip,robust,7,0,20893.54,-775454.43
acuity_flip,adaptive,7,0,19524.82,-776823.15
acuity_flip,robust,7,1,23357.31,-752097.13
acuity_flip,adaptive,7,1,21432.11,-755391.04
acuity_flip,robust,7,2,109433.66,-642663.46
acuity_flip,adaptive,7,2,101916.55,-653474.49
acuity_flip,robust,7,3,276624.0,-366039.46
acuity_flip,adaptive,7,3,276624.0,-376850.49
acuity_flip,robust,7,4,159120.0,-206919.46
acuity_flip,adaptive,7,4,159120.0,-217730.49
acuity_flip,robust,7,5,256656.0,49736.54
acuity_flip,adaptive,7,5,256656.0,38925.51
acuity_flip,robust,8,0,32375.17,-853828.1
acuity_flip,adaptive,8,0,29522.1,-856681.17
acuity_flip,robust,8,1,52593.42,-801234.67
acuity_flip,adaptive,8,1,49100.27,-807580.89
acuity_flip,robust,8,2,136975.66,-664259.02
acuity_flip,adaptive,8,2,130705.44,-676875.45
acuity_flip,robust,8,3,240864.0,-423395.02
acuity_flip,adaptive,8,3,240864.0,-436011.45
acuity_flip,robust,8,4,200688.0,-222707.02
acuity_flip,adaptive,8,4,200688.0,-235323.45
acuity_flip,robust,8,5,248112.0,25404.98
acuity_flip,adaptive,8,5,248112.0,12788.55
acuity_flip,robust,9,0,21174.96,-835030.67
acuity_flip,adaptive,9,0,20883.28,-835322.35
acuity_flip,robust,9,1,51781.06,-783249.61
acuity_flip,adaptive,9,1,46680.48,-788641.87
acuity_flip,robust,9,2,96495.16,-686754.45
acuity_flip,adaptive,9,2,90235.38,-698406.49
acuity_flip,robust,9,3,273456.0,-413298.45
acuity_flip,adaptive,9,3,273456.0,-424950.49
acuity_flip,robust,9,4,186576.0,-226722.45
acuity_flip,adaptive,9,4,186576.0,-238374.49
acuity_flip,robust,9,5,270960.0,44237.55
acuity_flip,adaptive,9,5,270960.0,32585.51
acuity_flip,robust,10,0,14792.18,-658676.09
acuity_flip,adaptive,10,0,14085.59,-659382.68
acuity_flip,robust,10,1,18307.03,-640369.06
acuity_flip,adaptive,10,1,17442.04,-641940.64
acuity_flip,robust,10,2,85042.05,-555327.01
acuity_flip,adaptive,10,2,73603.45,-568337.19
acuity_flip,robust,10,3,261888.0,-293439.01
acuity_flip,adaptive,10,3,261888.0,-306449.19
acuity_flip,robust,10,4,138576.0,-154863.01
acuity_flip,adaptive,10,4,138576.0,-167873.19
acuity_flip,robust,10,5,201696.0,46832.99
acuity_flip,adaptive,10,5,201696.0,33822.81
acuity_flip,robust,11,0,16785.41,-765186.56
acuity_flip,adaptive,11,0,15281.36,-766690.62
acuity_flip,robust,11,1,19259.32,-745927.24
acuity_flip,adaptive,11,1,19483.45,-747207.17
acuity_flip,robust,11,2,83554.69,-662372.55
acuity_flip,adaptive,11,2,76838.18,-670368.99
acuity_flip,robust,11,3,286656.0,-375716.55
acuity_flip,adaptive,11,3,286656.0,-383712.99
acuity_flip,robust,11,4,176496.0,-199220.55
acuity_flip,adaptive,11,4,176496.0,-207216.99
acuity_flip,robust,11,5,234960.0,35739.45
acuity_flip,adaptive,11,5,234960.0,27743.01
acuity_flip,robust,12,0,12306.39,-837070.43
acuity_flip,adaptive,12,0,11654.6,-837722.23
acuity_flip,robust,12,1,36590.51,-800479.91
acuity_flip,adaptive,12,1,32847.29,-804874.94
acuity_flip,robust,12,2,100708.88,-699771.03
acuity_flip,adaptive,12,2,89233.28,-715641.66
acuity_flip,robust,12,3,299232.0,-400539.03
acuity_flip,adaptive,12,3,299232.0,-416409.66
acuity_flip,robust,12,4,165936.0,-234603.03
acuity_flip,adaptive,12,4,165936.0,-250473.66
acuity_flip,robust,12,5,273648.0,39044.97
acuity_flip,adaptive,12,5,273648.0,23174.34
acuity_flip,robust,13,0,36021.29,-864391.27
acuity_flip,adaptive,13,0,32603.55,-867809.02
acuity_flip,robust,13,1,69425.13,-794966.14
acuity_flip,adaptive,13,1,60897.31,-806911.71
acuity_flip,robust,13,2,161328.0,-633638.14
acuity_flip,adaptive,13,2,161328.0,-645583.71
acuity_flip,robust,13,3,219792.0,-413846.14
acuity_flip,adaptive,13,3,219792.0,-425791.71
acuity_flip,robust,13,4,164064.0,-249782.14
acuity_flip,adaptive,13,4,164064.0,-261727.71
acuity_flip,robust,13,5,275952.0,26169.86
acuity_flip,adaptive,13,5,275952.0,14224.29
acuity_flip,robust,14,0,27658.96,-871426.55
acuity_flip,adaptive,14,0,26257.11,-872828.39
acuity_flip,robust,14,1,85827.7,-785598.85
acuity_flip,adaptive,14,1,77887.28,-794941.11
acuity_flip,robust,14,2,125856.0,-659742.85
acuity_flip,adaptive,14,2,125856.0,-669085.11
acuity_flip,robust,14,3,259488.0,-400254.85
acuity_flip,adaptive,14,3,259488.0,-409597.11
acuity_flip,robust,14,4,214560.0,-185694.85
acuity_flip,adaptive,14,4,214560.0,-195037.11
acuity_flip,robust,14,5,248640.0,62945.15
acuity_flip,adaptive,14,5,248640.0,53602.89
acuity_flip,robust,15,0,16334.13,-801595.87
acuity_flip,adaptive,15,0,15217.45,-802712.54
acuity_flip,robust,15,1,26415.89,-775179.98
acuity_flip,adaptive,15,1,23142.38,-779570.17
acuity_flip,robust,15,2,129229.09,-645950.89
acuity_flip,adaptive,15,2,122361.95,-657208.21
acuity_flip,robust,15,3,264000.0,-381950.89
acuity_flip,adaptive,15,3,264000.0,-393208.21
acuity_flip,robust,15,4,181584.0,-200366.89
acuity_flip,adaptive,15,4,181584.0,-211624.21
acuity_flip,robust,15,5,246144.0,45777.11
acuity_flip,adaptive,15,5,246144.0,34519.79
acuity_flip,robust,16,0,27952.04,-785739.26
acuity_flip,adaptive,16,0,25967.64,-787723.66
acuity_flip,robust,16,1,26880.82,-758858.44
acuity_flip,adaptive,16,1,24799.42,-762924.24
acuity_flip,robust,16,2,98999.08,-659859.36
acuity_flip,adaptive,16,2,92017.8,-670906.44
acuity_flip,robust,16,3,229392.0,-430467.36
acuity_flip,adaptive,16,3,229392.0,-441514.44
acuity_flip,robust,16,4,217536.0,-212931.36
acuity_flip,adaptive,16,4,217536.0,-223978.44
acuity_flip,robust,16,5,258480.0,45548.64
acuity_flip,adaptive,16,5,258480.0,34501.56
acuity_flip,robust,17,0,14942.5,-778919.06
acuity_flip,adaptive,17,0,14444.78,-779416.78
acuity_flip,robust,17,1,50221.56,-728697.5
acuity_flip,adaptive,17,1,43416.84,-735999.93
acuity_flip,robust,17,2,127824.0,-600873.5
acuity_flip,adaptive,17,2,125990.03,-610009.91
acuity_flip,robust,17,3,255888.0,-344985.5
acuity_flip,adaptive,17,3,255888.0,-354121.91
acuity_flip,robust,17,4,197088.0,-147897.5
acuity_flip,adaptive,17,4,197088.0,-157033.91
acuity_flip,robust,17,5,166752.0,18854.5
acuity_flip,adaptive,17,5,166752.0,9718.09
acuity_flip,robust,18,0,18099.33,-862126.47
acuity_flip,adaptive,18,0,16923.0,-863302.81
acuity_flip,robust,18,1,44736.89,-817389.58
acuity_flip,adaptive,18,1,39152.83,-824149.97
acuity_flip,robust,18,2,108768.0,-708621.58
acuity_flip,adaptive,18,2,104520.5,-719629.48
acuity_flip,robust,18,3,322560.0,-386061.58
acuity_flip,adaptive,18,3,322560.0,-397069.48
acuity_flip,robust,18,4,212064.0,-173997.58
acuity_flip,adaptive,18,4,212064.0,-185005.48
acuity_flip,robust,18,5,214080.0,40082.42
acuity_flip,adaptive,18,5,214080.0,29074.52
acuity_flip,robust,19,0,27644.52,-721401.72
acuity_flip,adaptive,19,0,26083.82,-722962.41
acuity_flip,robust,19,1,47178.2,-674223.52
acuity_flip,adaptive,19,1,44100.68,-678861.72
acuity_flip,robust,19,2,122759.1,-551464.42
acuity_flip,adaptive,19,2,116570.99,-562290.74
acuity_flip,robust,19,3,240912.0,-310552.42
acuity_flip,adaptive,19,3,240912.0,-321378.74
acuity_flip,robust,19,4,132624.0,-177928.42
acuity_flip,adaptive,19,4,132624.0,-188754.74
acuity_flip,robust,19,5,208368.0,30439.58
acuity_flip,adaptive,19,5,208368.0,19613.26
acuity_flip,robust,20,0,21715.32,-751292.36
acuity_flip,adaptive,20,0,19932.61,-753075.08
acuity_flip,robust,20,1,36846.18,-714446.18
acuity_flip,adaptive,20,1,33303.75,-719771.32
acuity_flip,robust,20,2,123018.72,-591427.46
acuity_flip,adaptive,20,2,112144.45,-607626.88
acuity_flip,robust,20,3,204240.0,-387187.46
acuity_flip,adaptive,20,3,204240.0,-403386.88
acuity_flip,robust,20,4,134880.0,-252307.46
acuity_flip,adaptive,20,4,134880.0,-268506.88
acuity_flip,robust,20,5,302688.0,50380.54
acuity_flip,adaptive,20,5,302688.0,34181.12
acuity_flip,robust,21,0,20583.13,-800634.16
acuity_flip,adaptive,21,0,19771.72,-801445.58
acuity_flip,robust,21,1,41819.81,-758814.35
acuity_flip,adaptive,21,1,39107.7,-762337.87
acuity_flip,robust,21,2,101265.2,-657549.15
acuity_flip,adaptive,21,2,97556.42,-664781.45
acuity_flip,robust,21,3,255744.0,-401805.15
acuity_flip,adaptive,21,3,255744.0,-409037.45
acuity_flip,robust,21,4,177312.0,-224493.15
acuity_flip,adaptive,21,4,177312.0,-231725.45
acuity_flip,robust,21,5,265392.0,40898.85
acuity_flip,adaptive,21,5,265392.0,33666.55
acuity_flip,robust,22,0,22769.35,-849303.44
acuity_flip,adaptive,22,0,21088.49,-850984.31
acuity_flip,robust,22,1,27977.24,-821326.2
acuity_flip,adaptive,22,1,25410.64,-825573.67
acuity_flip,robust,22,2,101504.89,-719821.31
acuity_flip,adaptive,22,2,94863.36,-730710.31
acuity_flip,robust,22,3,323904.0,-395917.31
acuity_flip,adaptive,22,3,323904.0,-406806.31
acuity_flip,robust,22,4,199824.0,-196093.31
acuity_flip,adaptive,22,4,199824.0,-206982.31
acuity_flip,robust,22,5,241056.0,44962.69
acuity_flip,adaptive,22,5,241056.0,34073.69
acuity_flip,robust,23,0,30690.36,-854899.36
acuity_flip,adaptive,23,0,28573.05,-857016.67
acuity_flip,robust,23,1,52979.13,-801920.23
acuity_flip,adaptive,23,1,47324.28,-809692.39
acuity_flip,robust,23,2,163920.0,-638000.23
acuity_flip,adaptive,23,2,162202.83,-647489.56
acuity_flip,robust,23,3,262128.0,-375872.23
acuity_flip,adaptive,23,3,262128.0,-385361.56
acuity_flip,robust,23,4,171024.0,-204848.23
acuity_flip,adaptive,23,4,171024.0,-214337.56
acuity_flip,robust,23,5,232176.0,27327.77
acuity_flip,adaptive,23,5,232176.0,17838.44
acuity_flip,robust,24,0,18357.06,-712015.0
acuity_flip,adaptive,24,0,16897.43,-713474.63
acuity_flip,robust,24,1,42669.9,-669345.1
acuity_flip,adaptive,24,1,39452.08,-674022.55
acuity_flip,robust,24,2,102281.08,-567064.02
acuity_flip,adaptive,24,2,94069.21,-579953.35
acuity_flip,robust,24,3,192000.0,-375064.02
acuity_flip,adaptive,24,3,192000.0,-387953.35
acuity_flip,robust,24,4,173424.0,-201640.02
acuity_flip,adaptive,24,4,173424.0,-214529.35
acuity_flip,robust,24,5,270384.0,68743.98
acuity_flip,adaptive,24,5,270384.0,55854.65
acuity_flip,robust,25,0,21416.91,-738924.76
acuity_flip,adaptive,25,0,20068.21,-740273.46
acuity_flip,robust,25,1,34220.63,-704704.13
acuity_flip,adaptive,25,1,30453.2,-709820.26
acuity_flip,robust,25,2,123273.05,-581431.08
acuity_flip,adaptive,25,2,115151.79,-594668.46
acuity_flip,robust,25,3,205632.0,-375799.08
acuity_flip,adaptive,25,3,205632.0,-389036.46
acuity_flip,robust,25,4,161952.0,-213847.08
acuity_flip,adaptive,25,4,161952.0,-227084.46
acuity_flip,robust,25,5,260352.0,46504.92
acuity_flip,adaptive,25,5,260352.0,33267.54
acuity_flip,robust,26,0,42246.01,-723672.09
acuity_flip,adaptive,26,0,37984.65,-727933.45
acuity_flip,robust,26,1,50699.73,-672972.36
acuity_flip,adaptive,26,1,46459.53,-681473.92
acuity_flip,robust,26,2,138144.0,-534828.36
acuity_flip,adaptive,26,2,134760.81,-546713.11
acuity_flip,robust,26,3,228048.0,-306780.36
acuity_flip,adaptive,26,3,228048.0,-318665.11
acuity_flip,robust,26,4,148272.0,-158508.36
acuity_flip,adaptive,26,4,148272.0,-170393.11
acuity_flip,robust,26,5,201648.0,43139.64
acuity_flip,adaptive,26,5,201648.0,31254.89
acuity_flip,robust,27,0,19155.21,-770963.47
acuity_flip,adaptive,27,0,18548.98,-771569.71
acuity_flip,robust,27,1,29565.6,-741397.87
acuity_flip,adaptive,27,1,27015.52,-744554.18
acuity_flip,robust,27,2,93220.83,-648177.04
acuity_flip,adaptive,27,2,85060.47,-659493.71
acuity_flip,robust,27,3,254544.0,-393633.04
acuity_flip,adaptive,27,3,254544.0,-404949.71
acuity_flip,robust,27,4,158448.0,-235185.04
acuity_flip,adaptive,27,4,158448.0,-246501.71
acuity_flip,robust,27,5,265488.0,30302.96
acuity_flip,adaptive,27,5,265488.0,18986.29
acuity_flip,robust,28,0,27198.64,-826229.65
acuity_flip,adaptive,28,0,25722.39,-827705.9
acuity_flip,robust,28,1,44003.37,-782226.29
acuity_flip,adaptive,28,1,41299.16,-786406.74
acuity_flip,robust,28,2,105405.82,-676820.46
acuity_flip,adaptive,28,2,101256.25,-685150.48
acuity_flip,robust,28,3,234096.0,-442724.46
acuity_flip,adaptive,28,3,234096.0,-451054.48
acuity_flip,robust,28,4,213360.0,-229364.46
acuity_flip,adaptive,28,4,213360.0,-237694.48
acuity_flip,robust,28,5,257520.0,28155.54
acuity_flip,adaptive,28,5,257520.0,19825.52
acuity_flip,robust,29,0,21379.32,-793957.79
acuity_flip,adaptive,29,0,20550.5,-794786.61
acuity_flip,robust,29,1,50836.28,-743121.51
acuity_flip,adaptive,29,1,48289.26,-746497.35
acuity_flip,robust,29,2,140990.29,-602131.23
acuity_flip,adaptive,29,2,132132.9,-614364.45
acuity_flip,robust,29,3,213840.0,-388291.23
acuity_flip,adaptive,29,3,213840.0,-400524.45
acuity_flip,robust,29,4,227424.0,-160867.23
acuity_flip,adaptive,29,4,227424.0,-173100.45
acuity_flip,robust,29,5,216384.0,55516.77
acuity_flip,adaptive,29,5,216384.0,43283.55
